date,event,category
2025-01-15,Company incorporated in Delaware,Corporate
2025-02-01,Primary domain registered,Technical
2025-03-10,First public press release issued,Communications
2025-05-22,Additional office lease signed,Corporate
2025-06-30,Website redesign launched,Technical
2025-08-14,Executive interview published in trade press,Communications
2025-11-02,Second funding round announced,Corporate
2026-01-20,New subdomain observed in certificate transparency logs,Technical
2026-03-05,Regulatory filing submitted,Corporate
